{"cameraMode":{"drawMode":0,"name":"Shaded","section":"Shading Mode"},"sceneLighting":true,"audioPlay":false,"sceneViewState":{"m_AlwaysRefresh":false,"showFog":true,"showSkybox":true,"showFlares":true,"showImageEffects":true,"showParticleSystems":true,"showVisualEffectGraphs":true,"m_FxEnabled":true},"in2DMode":false,"pivot":{"x":-42.59187316894531,"y":21.932586669921876,"z":29.94394302368164},"rotation":{"x":-0.31295377016067507,"y":-0.02040335163474083,"z":0.008066941052675248,"w":-0.9498369693756104},"size":33.22874450683594,"orthographic":false}