{"cameraMode":{"drawMode":0,"name":"Shaded","section":"Shading Mode"},"sceneLighting":true,"audioPlay":false,"sceneViewState":{"showFog":true,"showMaterialUpdate":false,"showSkybox":true,"showFlares":true,"showImageEffects":true,"showParticleSystems":true},"in2DMode":false,"pivot":{"x":-16.6707763671875,"y":41.198795318603519,"z":-21.64923667907715},"rotation":{"x":-0.0604807548224926,"y":-0.7346311807632446,"z":-0.06606493890285492,"w":0.6725284457206726},"size":13.013891220092774,"orthographic":false}